Epoch,Loss
1,361.2767680217883
2,20.128080546124583
