Epoch,Loss
1,133786.01043379935
2,26235.642094126917
