Epoch,Loss
1,3875.0275744938867
2,1885.0717130321666
