Epoch,Loss,Accuracy
1,26908.485422894188,0.7449645117974295
2,3.284495939764145,0.9384231728371379
