Epoch,Loss
1,6165.511805139784
2,2046.8463375693873
3,1514.785120858435
4,1336.8261103044476
5,1283.8978304120528
