Epoch,Loss
1,560.8267435709636
2,338.452480061849
