Epoch,Loss
1,224.08824729919434
2,101.54704523086548
3,58.340131759643555
4,43.95585119724274
5,38.26828646659851
