Epoch,Loss
1,2832.5179901123047
2,710.5198860168457
3,417.75533294677734
4,252.34419345855713
5,204.57376098632812
