Epoch,Loss
1,78.82588443382622
2,30.856451591290654
3,24.078390183720117
4,15.043110795816977
5,11.748040429475921
