Epoch,Loss
1,1.8602937640565815
2,0.6816349922789686
