Epoch,Loss
1,4634.987643227256
2,2051.0677651247365

