Epoch,Loss
1,5002.124466066438
2,2568.3857888322536
3,2077.855425028414
4,1576.945879742382
5,1248.5615522790004
